{"webapp":"{\"nodePositions\":{\"c1\":{\"x\":210,\"y\":130},\"res\":{\"x\":50,\"y\":130},\"s1\":{\"x\":130,\"y\":210},\"s2\":{\"x\":129.99999999999997,\"y\":50},\"s3\":{\"x\":186.5685424949238,\"y\":186.5685424949238}},\"networkNodePositions\":{\"res\":0,\"s2\":1,\"s1\":2,\"s3\":3,\"c1\":4},\"stepTime\":1000}"}